행정구분,년도,직종구분,데이터구분,데이터
서울,2001,합계,인원수,75419
서울,2001,상근의사,인원수,17828
서울,2001,비상근의사,인원수,269
서울,2001,치과의사,인원수,4635
서울,2001,한의사,인원수,2896
서울,2001,조산사,인원수,255
서울,2001,간호사,인원수,20663
서울,2001,간호조무사,인원수,18283
서울,2001,의료기사,인원수,10153
서울,2001,의무기록사,인원수,437
서울,2002,합계,인원수,79878
서울,2002,상근의사,인원수,18848
서울,2002,비상근의사,인원수,206
서울,2002,치과의사,인원수,4788
서울,2002,한의사,인원수,2758
서울,2002,조산사,인원수,297
서울,2002,간호사,인원수,22444
서울,2002,간호조무사,인원수,18692
서울,2002,의료기사,인원수,11417
서울,2002,의무기록사,인원수,428
서울,2003,합계,인원수,83678
서울,2003,상근의사,인원수,19426
서울,2003,비상근의사,인원수,236
서울,2003,치과의사,인원수,5005
서울,2003,한의사,인원수,3212
서울,2003,조산사,인원수,212
서울,2003,간호사,인원수,22971
서울,2003,간호조무사,인원수,19414
서울,2003,의료기사,인원수,11850
서울,2003,의무기록사,인원수,440
서울,2003,약사,인원수,912
서울,2004,합계,인원수,84971
서울,2004,상근의사,인원수,20008
서울,2004,비상근의사,인원수,189
서울,2004,치과의사,인원수,5107
서울,2004,한의사,인원수,3436
서울,2004,조산사,인원수,152
서울,2004,간호사,인원수,24133
서울,2004,간호조무사,인원수,18510
서울,2004,의료기사,인원수,12043
서울,2004,의무기록사,인원수,447
서울,2004,약사,인원수,946
서울,2005,합계,인원수,90814
서울,2005,상근의사,인원수,20900
서울,2005,비상근의사,인원수,204
서울,2005,치과의사,인원수,5582
서울,2005,한의사,인원수,3524
서울,2005,조산사,인원수,124
서울,2005,간호사,인원수,27290
서울,2005,간호조무사,인원수,18216
서울,2005,의료기사,인원수,13435
서울,2005,의무기록사,인원수,518
서울,2005,약사,인원수,1021
서울,2006,합계,인원수,93598
서울,2006,상근의사,인원수,21555
서울,2006,비상근의사,인원수,234
서울,2006,치과의사,인원수,5649
서울,2006,한의사,인원수,3745
서울,2006,조산사,인원수,131
서울,2006,간호사,인원수,25982
서울,2006,간호조무사,인원수,20634
서울,2006,의료기사,인원수,14048
서울,2006,의무기록사,인원수,600
서울,2006,약사,인원수,1020
서울,2007,합계,인원수,102743
서울,2007,상근의사,인원수,23049
서울,2007,비상근의사,인원수,9
서울,2007,치과의사,인원수,6644
서울,2007,한의사,인원수,3867
서울,2007,조산사,인원수,120
서울,2007,간호사,인원수,31590
서울,2007,간호조무사,인원수,19956
서울,2007,의료기사,인원수,14404
서울,2007,의무기록사,인원수,485
서울,2007,약사,인원수,2619
부산,2001,합계,인원수,23932
부산,2001,상근의사,인원수,4813
부산,2001,비상근의사,인원수,24
부산,2001,치과의사,인원수,1150
부산,2001,한의사,인원수,806
부산,2001,조산사,인원수,272
부산,2001,간호사,인원수,5527
부산,2001,간호조무사,인원수,8090
부산,2001,의료기사,인원수,3079
부산,2001,의무기록사,인원수,171
부산,2002,합계,인원수,24111
부산,2002,상근의사,인원수,4999
부산,2002,비상근의사,인원수,52
부산,2002,치과의사,인원수,1104
부산,2002,한의사,인원수,854
부산,2002,조산사,인원수,259
부산,2002,간호사,인원수,5913
부산,2002,간호조무사,인원수,7643
부산,2002,의료기사,인원수,3120
부산,2002,의무기록사,인원수,167
부산,2003,합계,인원수,25559
부산,2003,상근의사,인원수,5093
부산,2003,비상근의사,인원수,46
부산,2003,치과의사,인원수,1201
부산,2003,한의사,인원수,903
부산,2003,조산사,인원수,225
부산,2003,간호사,인원수,6214
부산,2003,간호조무사,인원수,8194
부산,2003,의료기사,인원수,3265
부산,2003,의무기록사,인원수,173
부산,2003,약사,인원수,245
부산,2004,합계,인원수,26057
부산,2004,상근의사,인원수,5375
부산,2004,비상근의사,인원수,49
부산,2004,치과의사,인원수,1132
부산,2004,한의사,인원수,936
부산,2004,조산사,인원수,212
부산,2004,간호사,인원수,6528
부산,2004,간호조무사,인원수,8005
부산,2004,의료기사,인원수,3372
부산,2004,의무기록사,인원수,187
부산,2004,약사,인원수,261
부산,2005,합계,인원수,28706
부산,2005,상근의사,인원수,5524
부산,2005,비상근의사,인원수,33
부산,2005,치과의사,인원수,1239
부산,2005,한의사,인원수,979
부산,2005,조산사,인원수,199
부산,2005,간호사,인원수,7250
부산,2005,간호조무사,인원수,9171
부산,2005,의료기사,인원수,3825
부산,2005,의무기록사,인원수,198
부산,2005,약사,인원수,288
부산,2006,합계,인원수,29890
부산,2006,상근의사,인원수,5599
부산,2006,비상근의사,인원수,15
부산,2006,치과의사,인원수,1302
부산,2006,한의사,인원수,1022
부산,2006,조산사,인원수,182
부산,2006,간호사,인원수,7341
부산,2006,간호조무사,인원수,9580
부산,2006,의료기사,인원수,4338
부산,2006,의무기록사,인원수,214
부산,2006,약사,인원수,297
부산,2007,합계,인원수,32359
부산,2007,상근의사,인원수,5898
부산,2007,비상근의사,인원수,48
부산,2007,치과의사,인원수,1281
부산,2007,한의사,인원수,1090
부산,2007,조산사,인원수,158
부산,2007,간호사,인원수,8422
부산,2007,간호조무사,인원수,10200
부산,2007,의료기사,인원수,4739
부산,2007,의무기록사,인원수,236
부산,2007,약사,인원수,287
대구,2001,합계,인원수,16477
대구,2001,상근의사,인원수,3565
대구,2001,비상근의사,인원수,21
대구,2001,치과의사,인원수,852
대구,2001,한의사,인원수,671
대구,2001,조산사,인원수,55
대구,2001,간호사,인원수,4089
대구,2001,간호조무사,인원수,4087
대구,2001,의료기사,인원수,3003
대구,2001,의무기록사,인원수,134
대구,2002,합계,인원수,17050
대구,2002,상근의사,인원수,3734
대구,2002,비상근의사,인원수,23
대구,2002,치과의사,인원수,900
대구,2002,한의사,인원수,659
대구,2002,조산사,인원수,54
대구,2002,간호사,인원수,4522
대구,2002,간호조무사,인원수,3939
대구,2002,의료기사,인원수,3091
대구,2002,의무기록사,인원수,128
대구,2003,합계,인원수,18361
대구,2003,상근의사,인원수,3857
대구,2003,비상근의사,인원수,12
대구,2003,치과의사,인원수,895
대구,2003,한의사,인원수,580
대구,2003,조산사,인원수,27
대구,2003,간호사,인원수,4901
대구,2003,간호조무사,인원수,4540
대구,2003,의료기사,인원수,3234
대구,2003,의무기록사,인원수,135
대구,2003,약사,인원수,180
대구,2004,합계,인원수,18519
대구,2004,상근의사,인원수,3907
대구,2004,비상근의사,인원수,15
대구,2004,치과의사,인원수,914
대구,2004,한의사,인원수,709
대구,2004,조산사,인원수,29
대구,2004,간호사,인원수,5093
대구,2004,간호조무사,인원수,4444
대구,2004,의료기사,인원수,3086
대구,2004,의무기록사,인원수,134
대구,2004,약사,인원수,188
대구,2005,합계,인원수,19415
대구,2005,상근의사,인원수,3856
대구,2005,비상근의사,인원수,18
대구,2005,치과의사,인원수,921
대구,2005,한의사,인원수,754
대구,2005,조산사,인원수,35
대구,2005,간호사,인원수,5438
대구,2005,간호조무사,인원수,4609
대구,2005,의료기사,인원수,3436
대구,2005,의무기록사,인원수,159
대구,2005,약사,인원수,189
대구,2006,합계,인원수,20821
대구,2006,상근의사,인원수,4168
대구,2006,비상근의사,인원수,10
대구,2006,치과의사,인원수,962
대구,2006,한의사,인원수,771
대구,2006,조산사,인원수,41
대구,2006,간호사,인원수,5803
대구,2006,간호조무사,인원수,4827
대구,2006,의료기사,인원수,3876
대구,2006,의무기록사,인원수,159
대구,2006,약사,인원수,204
대구,2007,합계,인원수,22266
대구,2007,상근의사,인원수,4422
대구,2007,비상근의사,인원수,6
대구,2007,치과의사,인원수,960
대구,2007,한의사,인원수,776
대구,2007,조산사,인원수,36
대구,2007,간호사,인원수,6072
대구,2007,간호조무사,인원수,5412
대구,2007,의료기사,인원수,4192
대구,2007,의무기록사,인원수,183
대구,2007,약사,인원수,207
인천,2001,합계,인원수,11994
인천,2001,상근의사,인원수,2084
인천,2001,비상근의사,인원수,99
인천,2001,치과의사,인원수,600
인천,2001,한의사,인원수,359
인천,2001,조산사,인원수,21
인천,2001,간호사,인원수,2987
인천,2001,간호조무사,인원수,4047
인천,2001,의료기사,인원수,1735
인천,2001,의무기록사,인원수,62
인천,2002,합계,인원수,12854
인천,2002,상근의사,인원수,2297
인천,2002,비상근의사,인원수,113
인천,2002,치과의사,인원수,701
인천,2002,한의사,인원수,426
인천,2002,조산사,인원수,13
인천,2002,간호사,인원수,3215
인천,2002,간호조무사,인원수,4137
인천,2002,의료기사,인원수,1682
인천,2002,의무기록사,인원수,270
인천,2003,합계,인원수,12767
인천,2003,상근의사,인원수,1810
인천,2003,비상근의사,인원수,99
인천,2003,치과의사,인원수,737
인천,2003,한의사,인원수,534
인천,2003,조산사,인원수,
인천,2003,간호사,인원수,3556
인천,2003,간호조무사,인원수,4017
인천,2003,의료기사,인원수,1856
인천,2003,의무기록사,인원수,82
인천,2003,약사,인원수,76
인천,2004,합계,인원수,16078
인천,2004,상근의사,인원수,3803
인천,2004,비상근의사,인원수,45
인천,2004,치과의사,인원수,850
인천,2004,한의사,인원수,559
인천,2004,조산사,인원수,18
인천,2004,간호사,인원수,3609
인천,2004,간호조무사,인원수,4831
인천,2004,의료기사,인원수,2218
인천,2004,의무기록사,인원수,72
인천,2004,약사,인원수,73
인천,2005,합계,인원수,14907
인천,2005,상근의사,인원수,3014
인천,2005,비상근의사,인원수,18
인천,2005,치과의사,인원수,791
인천,2005,한의사,인원수,497
인천,2005,조산사,인원수,21
인천,2005,간호사,인원수,3611
인천,2005,간호조무사,인원수,4464
인천,2005,의료기사,인원수,2337
인천,2005,의무기록사,인원수,70
인천,2005,약사,인원수,84
인천,2006,합계,인원수,15796
인천,2006,상근의사,인원수,2961
인천,2006,비상근의사,인원수,16
인천,2006,치과의사,인원수,800
인천,2006,한의사,인원수,516
인천,2006,조산사,인원수,8
인천,2006,간호사,인원수,3804
인천,2006,간호조무사,인원수,4916
인천,2006,의료기사,인원수,2593
인천,2006,의무기록사,인원수,74
인천,2006,약사,인원수,108
인천,2007,합계,인원수,16544
인천,2007,상근의사,인원수,3128
인천,2007,비상근의사,인원수,8
인천,2007,치과의사,인원수,786
인천,2007,한의사,인원수,534
인천,2007,조산사,인원수,11
인천,2007,간호사,인원수,4009
인천,2007,간호조무사,인원수,5299
인천,2007,의료기사,인원수,2690
인천,2007,의무기록사,인원수,79
인천,2007,약사,인원수,
광주,2001,합계,인원수,9918
광주,2001,상근의사,인원수,2128
광주,2001,비상근의사,인원수,11
광주,2001,치과의사,인원수,660
광주,2001,한의사,인원수,252
광주,2001,조산사,인원수,31
광주,2001,간호사,인원수,2694
광주,2001,간호조무사,인원수,2383
광주,2001,의료기사,인원수,1682
광주,2001,의무기록사,인원수,77
광주,2002,합계,인원수,10862
광주,2002,상근의사,인원수,2209
광주,2002,비상근의사,인원수,18
광주,2002,치과의사,인원수,604
광주,2002,한의사,인원수,277
광주,2002,조산사,인원수,44
광주,2002,간호사,인원수,3095
광주,2002,간호조무사,인원수,2452
광주,2002,의료기사,인원수,2083
광주,2002,의무기록사,인원수,80
광주,2003,합계,인원수,11251
광주,2003,상근의사,인원수,2328
광주,2003,비상근의사,인원수,8
광주,2003,치과의사,인원수,613
광주,2003,한의사,인원수,288
광주,2003,조산사,인원수,46
광주,2003,간호사,인원수,3435
광주,2003,간호조무사,인원수,2393
광주,2003,의료기사,인원수,1958
광주,2003,의무기록사,인원수,83
광주,2003,약사,인원수,99
광주,2004,합계,인원수,12119
광주,2004,상근의사,인원수,2344
광주,2004,비상근의사,인원수,9
광주,2004,치과의사,인원수,684
광주,2004,한의사,인원수,310
광주,2004,조산사,인원수,28
광주,2004,간호사,인원수,3518
광주,2004,간호조무사,인원수,2729
광주,2004,의료기사,인원수,2320
광주,2004,의무기록사,인원수,82
광주,2004,약사,인원수,95
광주,2005,합계,인원수,12755
광주,2005,상근의사,인원수,2540
광주,2005,비상근의사,인원수,7
광주,2005,치과의사,인원수,642
광주,2005,한의사,인원수,316
광주,2005,조산사,인원수,29
광주,2005,간호사,인원수,3784
광주,2005,간호조무사,인원수,2823
광주,2005,의료기사,인원수,2427
광주,2005,의무기록사,인원수,86
광주,2005,약사,인원수,101
광주,2006,합계,인원수,13179
광주,2006,상근의사,인원수,2565
광주,2006,비상근의사,인원수,2
광주,2006,치과의사,인원수,714
광주,2006,한의사,인원수,344
광주,2006,조산사,인원수,19
광주,2006,간호사,인원수,3846
광주,2006,간호조무사,인원수,2870
광주,2006,의료기사,인원수,2631
광주,2006,의무기록사,인원수,85
광주,2006,약사,인원수,103
광주,2007,합계,인원수,14285
광주,2007,상근의사,인원수,2593
광주,2007,비상근의사,인원수,5
광주,2007,치과의사,인원수,744
광주,2007,한의사,인원수,368
광주,2007,조산사,인원수,69
광주,2007,간호사,인원수,4186
광주,2007,간호조무사,인원수,3212
광주,2007,의료기사,인원수,2881
광주,2007,의무기록사,인원수,109
광주,2007,약사,인원수,118
대전,2001,합계,인원수,9114
대전,2001,상근의사,인원수,2009
대전,2001,비상근의사,인원수,14
대전,2001,치과의사,인원수,392
대전,2001,한의사,인원수,447
대전,2001,조산사,인원수,18
대전,2001,간호사,인원수,2301
대전,2001,간호조무사,인원수,2715
대전,2001,의료기사,인원수,1132
대전,2001,의무기록사,인원수,86
대전,2002,합계,인원수,10127
대전,2002,상근의사,인원수,2166
대전,2002,비상근의사,인원수,19
대전,2002,치과의사,인원수,398
대전,2002,한의사,인원수,382
대전,2002,조산사,인원수,12
대전,2002,간호사,인원수,2407
대전,2002,간호조무사,인원수,2810
대전,2002,의료기사,인원수,1854
대전,2002,의무기록사,인원수,79
대전,2003,합계,인원수,11056
대전,2003,상근의사,인원수,2265
대전,2003,비상근의사,인원수,7
대전,2003,치과의사,인원수,425
대전,2003,한의사,인원수,417
대전,2003,조산사,인원수,8
대전,2003,간호사,인원수,2698
대전,2003,간호조무사,인원수,3114
대전,2003,의료기사,인원수,1944
대전,2003,의무기록사,인원수,84
대전,2003,약사,인원수,94
대전,2004,합계,인원수,11948
대전,2004,상근의사,인원수,2499
대전,2004,비상근의사,인원수,7
대전,2004,치과의사,인원수,453
대전,2004,한의사,인원수,419
대전,2004,조산사,인원수,8
대전,2004,간호사,인원수,3060
대전,2004,간호조무사,인원수,3241
대전,2004,의료기사,인원수,2070
대전,2004,의무기록사,인원수,86
대전,2004,약사,인원수,105
대전,2005,합계,인원수,12533
대전,2005,상근의사,인원수,2562
대전,2005,비상근의사,인원수,13
대전,2005,치과의사,인원수,471
대전,2005,한의사,인원수,456
대전,2005,조산사,인원수,14
대전,2005,간호사,인원수,3229
대전,2005,간호조무사,인원수,3440
대전,2005,의료기사,인원수,2147
대전,2005,의무기록사,인원수,96
대전,2005,약사,인원수,105
대전,2006,합계,인원수,13137
대전,2006,상근의사,인원수,2761
대전,2006,비상근의사,인원수,14
대전,2006,치과의사,인원수,502
대전,2006,한의사,인원수,496
대전,2006,조산사,인원수,8
대전,2006,간호사,인원수,2979
대전,2006,간호조무사,인원수,3587
대전,2006,의료기사,인원수,2587
대전,2006,의무기록사,인원수,97
대전,2006,약사,인원수,106
대전,2007,합계,인원수,14007
대전,2007,상근의사,인원수,2783
대전,2007,비상근의사,인원수,2
대전,2007,치과의사,인원수,532
대전,2007,한의사,인원수,505
대전,2007,조산사,인원수,13
대전,2007,간호사,인원수,3675
대전,2007,간호조무사,인원수,3770
대전,2007,의료기사,인원수,2468
대전,2007,의무기록사,인원수,132
대전,2007,약사,인원수,127
울산,2001,합계,인원수,5125
울산,2001,상근의사,인원수,883
울산,2001,비상근의사,인원수,1
울산,2001,치과의사,인원수,247
울산,2001,한의사,인원수,186
울산,2001,조산사,인원수,25
울산,2001,간호사,인원수,1379
울산,2001,간호조무사,인원수,1459
울산,2001,의료기사,인원수,912
울산,2001,의무기록사,인원수,33
울산,2002,합계,인원수,5473
울산,2002,상근의사,인원수,925
울산,2002,비상근의사,인원수,
울산,2002,치과의사,인원수,262
울산,2002,한의사,인원수,209
울산,2002,조산사,인원수,21
울산,2002,간호사,인원수,1531
울산,2002,간호조무사,인원수,1637
울산,2002,의료기사,인원수,858
울산,2002,의무기록사,인원수,30
울산,2003,합계,인원수,5998
울산,2003,상근의사,인원수,1008
울산,2003,비상근의사,인원수,6
울산,2003,치과의사,인원수,271
울산,2003,한의사,인원수,216
울산,2003,조산사,인원수,27
울산,2003,간호사,인원수,1732
울산,2003,간호조무사,인원수,1751
울산,2003,의료기사,인원수,910
울산,2003,의무기록사,인원수,30
울산,2003,약사,인원수,47
울산,2004,합계,인원수,6481
울산,2004,상근의사,인원수,1087
울산,2004,비상근의사,인원수,5
울산,2004,치과의사,인원수,283
울산,2004,한의사,인원수,235
울산,2004,조산사,인원수,30
울산,2004,간호사,인원수,1865
울산,2004,간호조무사,인원수,1881
울산,2004,의료기사,인원수,1017
울산,2004,의무기록사,인원수,29
울산,2004,약사,인원수,49
울산,2005,합계,인원수,6827
울산,2005,상근의사,인원수,1099
울산,2005,비상근의사,인원수,
울산,2005,치과의사,인원수,298
울산,2005,한의사,인원수,247
울산,2005,조산사,인원수,25
울산,2005,간호사,인원수,1926
울산,2005,간호조무사,인원수,2058
울산,2005,의료기사,인원수,1088
울산,2005,의무기록사,인원수,33
울산,2005,약사,인원수,53
울산,2006,합계,인원수,7536
울산,2006,상근의사,인원수,1157
울산,2006,비상근의사,인원수,5
울산,2006,치과의사,인원수,318
울산,2006,한의사,인원수,274
울산,2006,조산사,인원수,25
울산,2006,간호사,인원수,1893
울산,2006,간호조무사,인원수,2309
울산,2006,의료기사,인원수,1149
울산,2006,의무기록사,인원수,46
울산,2006,약사,인원수,360
울산,2007,합계,인원수,8029
울산,2007,상근의사,인원수,1209
울산,2007,비상근의사,인원수,
울산,2007,치과의사,인원수,333
울산,2007,한의사,인원수,285
울산,2007,조산사,인원수,20
울산,2007,간호사,인원수,2298
울산,2007,간호조무사,인원수,2470
울산,2007,의료기사,인원수,1301
울산,2007,의무기록사,인원수,51
울산,2007,약사,인원수,62
경기,2001,합계,인원수,41846
경기,2001,상근의사,인원수,7712
경기,2001,비상근의사,인원수,217
경기,2001,치과의사,인원수,2367
경기,2001,한의사,인원수,1353
경기,2001,조산사,인원수,190
경기,2001,간호사,인원수,10094
경기,2001,간호조무사,인원수,12999
경기,2001,의료기사,인원수,6692
경기,2001,의무기록사,인원수,222
경기,2002,합계,인원수,45711
경기,2002,상근의사,인원수,8454
경기,2002,비상근의사,인원수,211
경기,2002,치과의사,인원수,2522
경기,2002,한의사,인원수,1559
경기,2002,조산사,인원수,192
경기,2002,간호사,인원수,11277
경기,2002,간호조무사,인원수,14158
경기,2002,의료기사,인원수,7043
경기,2002,의무기록사,인원수,295
경기,2003,합계,인원수,51941
경기,2003,상근의사,인원수,9635
경기,2003,비상근의사,인원수,187
경기,2003,치과의사,인원수,2878
경기,2003,한의사,인원수,1859
경기,2003,조산사,인원수,158
경기,2003,간호사,인원수,12111
경기,2003,간호조무사,인원수,16967
경기,2003,의료기사,인원수,7428
경기,2003,의무기록사,인원수,311
경기,2003,약사,인원수,407
경기,2004,합계,인원수,56328
경기,2004,상근의사,인원수,10780
경기,2004,비상근의사,인원수,138
경기,2004,치과의사,인원수,3067
경기,2004,한의사,인원수,1926
경기,2004,조산사,인원수,182
경기,2004,간호사,인원수,12765
경기,2004,간호조무사,인원수,16346
경기,2004,의료기사,인원수,9523
경기,2004,의무기록사,인원수,1140
경기,2004,약사,인원수,461
경기,2005,합계,인원수,62043
경기,2005,상근의사,인원수,11850
경기,2005,비상근의사,인원수,118
경기,2005,치과의사,인원수,3498
경기,2005,한의사,인원수,2269
경기,2005,조산사,인원수,171
경기,2005,간호사,인원수,14197
경기,2005,간호조무사,인원수,17665
경기,2005,의료기사,인원수,10531
경기,2005,의무기록사,인원수,1174
경기,2005,약사,인원수,570
경기,2006,합계,인원수,66782
경기,2006,상근의사,인원수,12341
경기,2006,비상근의사,인원수,124
경기,2006,치과의사,인원수,3552
경기,2006,한의사,인원수,2352
경기,2006,조산사,인원수,132
경기,2006,간호사,인원수,16821
경기,2006,간호조무사,인원수,18887
경기,2006,의료기사,인원수,11719
경기,2006,의무기록사,인원수,324
경기,2006,약사,인원수,530
경기,2007,합계,인원수,66335
경기,2007,상근의사,인원수,11898
경기,2007,비상근의사,인원수,28
경기,2007,치과의사,인원수,3633
경기,2007,한의사,인원수,2428
경기,2007,조산사,인원수,270
경기,2007,간호사,인원수,15627
경기,2007,간호조무사,인원수,18741
경기,2007,의료기사,인원수,12713
경기,2007,의무기록사,인원수,491
경기,2007,약사,인원수,506
강원,2001,합계,인원수,7338
강원,2001,상근의사,인원수,1436
강원,2001,비상근의사,인원수,
강원,2001,치과의사,인원수,359
강원,2001,한의사,인원수,220
강원,2001,조산사,인원수,15
강원,2001,간호사,인원수,2246
강원,2001,간호조무사,인원수,1930
강원,2001,의료기사,인원수,1096
강원,2001,의무기록사,인원수,36
강원,2002,합계,인원수,7910
강원,2002,상근의사,인원수,1520
강원,2002,비상근의사,인원수,
강원,2002,치과의사,인원수,336
강원,2002,한의사,인원수,230
강원,2002,조산사,인원수,23
강원,2002,간호사,인원수,2354
강원,2002,간호조무사,인원수,2196
강원,2002,의료기사,인원수,1212
강원,2002,의무기록사,인원수,39
강원,2003,합계,인원수,8139
강원,2003,상근의사,인원수,1480
강원,2003,비상근의사,인원수,
강원,2003,치과의사,인원수,336
강원,2003,한의사,인원수,230
강원,2003,조산사,인원수,10
강원,2003,간호사,인원수,2467
강원,2003,간호조무사,인원수,2282
강원,2003,의료기사,인원수,1233
강원,2003,의무기록사,인원수,42
강원,2003,약사,인원수,59
강원,2004,합계,인원수,8588
강원,2004,상근의사,인원수,1567
강원,2004,비상근의사,인원수,42
강원,2004,치과의사,인원수,364
강원,2004,한의사,인원수,229
강원,2004,조산사,인원수,8
강원,2004,간호사,인원수,2688
강원,2004,간호조무사,인원수,2149
강원,2004,의료기사,인원수,1331
강원,2004,의무기록사,인원수,46
강원,2004,약사,인원수,164
강원,2005,합계,인원수,8888
강원,2005,상근의사,인원수,1648
강원,2005,비상근의사,인원수,32
강원,2005,치과의사,인원수,358
강원,2005,한의사,인원수,246
강원,2005,조산사,인원수,4
강원,2005,간호사,인원수,2845
강원,2005,간호조무사,인원수,2291
강원,2005,의료기사,인원수,1320
강원,2005,의무기록사,인원수,45
강원,2005,약사,인원수,99
강원,2006,합계,인원수,9295
강원,2006,상근의사,인원수,1705
강원,2006,비상근의사,인원수,8
강원,2006,치과의사,인원수,389
강원,2006,한의사,인원수,254
강원,2006,조산사,인원수,2
강원,2006,간호사,인원수,2889
강원,2006,간호조무사,인원수,2440
강원,2006,의료기사,인원수,1482
강원,2006,의무기록사,인원수,53
강원,2006,약사,인원수,73
강원,2007,합계,인원수,9578
강원,2007,상근의사,인원수,1690
강원,2007,비상근의사,인원수,
강원,2007,치과의사,인원수,413
강원,2007,한의사,인원수,276
강원,2007,조산사,인원수,2
강원,2007,간호사,인원수,3048
강원,2007,간호조무사,인원수,2443
강원,2007,의료기사,인원수,1569
강원,2007,의무기록사,인원수,52
강원,2007,약사,인원수,85
충북,2001,합계,인원수,5485
충북,2001,상근의사,인원수,1100
충북,2001,비상근의사,인원수,3
충북,2001,치과의사,인원수,189
충북,2001,한의사,인원수,205
충북,2001,조산사,인원수,10
충북,2001,간호사,인원수,1341
충북,2001,간호조무사,인원수,1776
충북,2001,의료기사,인원수,798
충북,2001,의무기록사,인원수,63
충북,2002,합계,인원수,6134
충북,2002,상근의사,인원수,1080
충북,2002,비상근의사,인원수,
충북,2002,치과의사,인원수,249
충북,2002,한의사,인원수,207
충북,2002,조산사,인원수,5
충북,2002,간호사,인원수,1399
충북,2002,간호조무사,인원수,2180
충북,2002,의료기사,인원수,980
충북,2002,의무기록사,인원수,34
충북,2003,합계,인원수,5820
충북,2003,상근의사,인원수,1139
충북,2003,비상근의사,인원수,7
충북,2003,치과의사,인원수,212
충북,2003,한의사,인원수,225
충북,2003,조산사,인원수,7
충북,2003,간호사,인원수,1400
충북,2003,간호조무사,인원수,1905
충북,2003,의료기사,인원수,837
충북,2003,의무기록사,인원수,38
충북,2003,약사,인원수,50
충북,2004,합계,인원수,6550
충북,2004,상근의사,인원수,1193
충북,2004,비상근의사,인원수,4
충북,2004,치과의사,인원수,237
충북,2004,한의사,인원수,221
충북,2004,조산사,인원수,7
충북,2004,간호사,인원수,1581
충북,2004,간호조무사,인원수,2259
충북,2004,의료기사,인원수,967
충북,2004,의무기록사,인원수,37
충북,2004,약사,인원수,44
충북,2005,합계,인원수,6425
충북,2005,상근의사,인원수,1187
충북,2005,비상근의사,인원수,1
충북,2005,치과의사,인원수,227
충북,2005,한의사,인원수,234
충북,2005,조산사,인원수,6
충북,2005,간호사,인원수,1609
충북,2005,간호조무사,인원수,2106
충북,2005,의료기사,인원수,948
충북,2005,의무기록사,인원수,57
충북,2005,약사,인원수,50
충북,2006,합계,인원수,7677
충북,2006,상근의사,인원수,1277
충북,2006,비상근의사,인원수,
충북,2006,치과의사,인원수,252
충북,2006,한의사,인원수,274
충북,2006,조산사,인원수,7
충북,2006,간호사,인원수,1841
충북,2006,간호조무사,인원수,2655
충북,2006,의료기사,인원수,1249
충북,2006,의무기록사,인원수,64
충북,2006,약사,인원수,58
충북,2007,합계,인원수,7723
충북,2007,상근의사,인원수,1279
충북,2007,비상근의사,인원수,
충북,2007,치과의사,인원수,278
충북,2007,한의사,인원수,260
충북,2007,조산사,인원수,4
충북,2007,간호사,인원수,1872
충북,2007,간호조무사,인원수,2710
충북,2007,의료기사,인원수,1189
충북,2007,의무기록사,인원수,71
충북,2007,약사,인원수,60
충남,2001,합계,인원수,6422
충남,2001,상근의사,인원수,1171
충남,2001,비상근의사,인원수,
충남,2001,치과의사,인원수,307
충남,2001,한의사,인원수,209
충남,2001,조산사,인원수,13
충남,2001,간호사,인원수,1509
충남,2001,간호조무사,인원수,2124
충남,2001,의료기사,인원수,1042
충남,2001,의무기록사,인원수,47
충남,2002,합계,인원수,6827
충남,2002,상근의사,인원수,1140
충남,2002,비상근의사,인원수,98
충남,2002,치과의사,인원수,315
충남,2002,한의사,인원수,204
충남,2002,조산사,인원수,9
충남,2002,간호사,인원수,1675
충남,2002,간호조무사,인원수,2217
충남,2002,의료기사,인원수,1123
충남,2002,의무기록사,인원수,46
충남,2003,합계,인원수,7594
충남,2003,상근의사,인원수,1355
충남,2003,비상근의사,인원수,
충남,2003,치과의사,인원수,376
충남,2003,한의사,인원수,241
충남,2003,조산사,인원수,15
충남,2003,간호사,인원수,1823
충남,2003,간호조무사,인원수,2085
충남,2003,의료기사,인원수,1395
충남,2003,의무기록사,인원수,48
충남,2003,약사,인원수,256
충남,2004,합계,인원수,8190
충남,2004,상근의사,인원수,1459
충남,2004,비상근의사,인원수,14
충남,2004,치과의사,인원수,389
충남,2004,한의사,인원수,262
충남,2004,조산사,인원수,18
충남,2004,간호사,인원수,1928
충남,2004,간호조무사,인원수,2223
충남,2004,의료기사,인원수,1527
충남,2004,의무기록사,인원수,57
충남,2004,약사,인원수,313
충남,2005,합계,인원수,8471
충남,2005,상근의사,인원수,1503
충남,2005,비상근의사,인원수,47
충남,2005,치과의사,인원수,419
충남,2005,한의사,인원수,270
충남,2005,조산사,인원수,18
충남,2005,간호사,인원수,2050
충남,2005,간호조무사,인원수,2224
충남,2005,의료기사,인원수,1611
충남,2005,의무기록사,인원수,58
충남,2005,약사,인원수,271
충남,2006,합계,인원수,9515
충남,2006,상근의사,인원수,1478
충남,2006,비상근의사,인원수,76
충남,2006,치과의사,인원수,484
충남,2006,한의사,인원수,335
충남,2006,조산사,인원수,23
충남,2006,간호사,인원수,2342
충남,2006,간호조무사,인원수,2636
충남,2006,의료기사,인원수,1792
충남,2006,의무기록사,인원수,64
충남,2006,약사,인원수,285
충남,2007,합계,인원수,9694
충남,2007,상근의사,인원수,1505
충남,2007,비상근의사,인원수,23
충남,2007,치과의사,인원수,465
충남,2007,한의사,인원수,309
충남,2007,조산사,인원수,22
충남,2007,간호사,인원수,2275
충남,2007,간호조무사,인원수,2928
충남,2007,의료기사,인원수,1816
충남,2007,의무기록사,인원수,63
충남,2007,약사,인원수,288
전북,2001,합계,인원수,10376
전북,2001,상근의사,인원수,1958
전북,2001,비상근의사,인원수,161
전북,2001,치과의사,인원수,509
전북,2001,한의사,인원수,372
전북,2001,조산사,인원수,22
전북,2001,간호사,인원수,2017
전북,2001,간호조무사,인원수,3290
전북,2001,의료기사,인원수,1959
전북,2001,의무기록사,인원수,88
전북,2002,합계,인원수,9579
전북,2002,상근의사,인원수,2072
전북,2002,비상근의사,인원수,10
전북,2002,치과의사,인원수,361
전북,2002,한의사,인원수,243
전북,2002,조산사,인원수,1
전북,2002,간호사,인원수,2333
전북,2002,간호조무사,인원수,2808
전북,2002,의료기사,인원수,1642
전북,2002,의무기록사,인원수,109
전북,2003,합계,인원수,10111
전북,2003,상근의사,인원수,2192
전북,2003,비상근의사,인원수,7
전북,2003,치과의사,인원수,532
전북,2003,한의사,인원수,365
전북,2003,조산사,인원수,25
전북,2003,간호사,인원수,2068
전북,2003,간호조무사,인원수,3184
전북,2003,의료기사,인원수,1600
전북,2003,의무기록사,인원수,60
전북,2003,약사,인원수,78
전북,2004,합계,인원수,10159
전북,2004,상근의사,인원수,2194
전북,2004,비상근의사,인원수,11
전북,2004,치과의사,인원수,527
전북,2004,한의사,인원수,368
전북,2004,조산사,인원수,25
전북,2004,간호사,인원수,2073
전북,2004,간호조무사,인원수,3266
전북,2004,의료기사,인원수,1501
전북,2004,의무기록사,인원수,115
전북,2004,약사,인원수,79
전북,2005,합계,인원수,13655
전북,2005,상근의사,인원수,2585
전북,2005,비상근의사,인원수,4
전북,2005,치과의사,인원수,540
전북,2005,한의사,인원수,421
전북,2005,조산사,인원수,23
전북,2005,간호사,인원수,3592
전북,2005,간호조무사,인원수,3639
전북,2005,의료기사,인원수,2603
전북,2005,의무기록사,인원수,127
전북,2005,약사,인원수,121
전북,2006,합계,인원수,12787
전북,2006,상근의사,인원수,2328
전북,2006,비상근의사,인원수,4
전북,2006,치과의사,인원수,546
전북,2006,한의사,인원수,427
전북,2006,조산사,인원수,13
전북,2006,간호사,인원수,3060
전북,2006,간호조무사,인원수,3685
전북,2006,의료기사,인원수,2499
전북,2006,의무기록사,인원수,124
전북,2006,약사,인원수,101
전북,2007,합계,인원수,13493
전북,2007,상근의사,인원수,2423
전북,2007,비상근의사,인원수,
전북,2007,치과의사,인원수,537
전북,2007,한의사,인원수,486
전북,2007,조산사,인원수,15
전북,2007,간호사,인원수,3443
전북,2007,간호조무사,인원수,3887
전북,2007,의료기사,인원수,2456
전북,2007,의무기록사,인원수,136
전북,2007,약사,인원수,110
전남,2001,합계,인원수,6364
전남,2001,상근의사,인원수,960
전남,2001,비상근의사,인원수,10
전남,2001,치과의사,인원수,248
전남,2001,한의사,인원수,131
전남,2001,조산사,인원수,92
전남,2001,간호사,인원수,2135
전남,2001,간호조무사,인원수,1775
전남,2001,의료기사,인원수,955
전남,2001,의무기록사,인원수,58
전남,2002,합계,인원수,6219
전남,2002,상근의사,인원수,1015
전남,2002,비상근의사,인원수,10
전남,2002,치과의사,인원수,245
전남,2002,한의사,인원수,138
전남,2002,조산사,인원수,91
전남,2002,간호사,인원수,2064
전남,2002,간호조무사,인원수,1633
전남,2002,의료기사,인원수,964
전남,2002,의무기록사,인원수,59
전남,2003,합계,인원수,5964
전남,2003,상근의사,인원수,781
전남,2003,비상근의사,인원수,8
전남,2003,치과의사,인원수,236
전남,2003,한의사,인원수,137
전남,2003,조산사,인원수,12
전남,2003,간호사,인원수,2085
전남,2003,간호조무사,인원수,1652
전남,2003,의료기사,인원수,886
전남,2003,의무기록사,인원수,53
전남,2003,약사,인원수,114
전남,2004,합계,인원수,6035
전남,2004,상근의사,인원수,913
전남,2004,비상근의사,인원수,3
전남,2004,치과의사,인원수,242
전남,2004,한의사,인원수,141
전남,2004,조산사,인원수,14
전남,2004,간호사,인원수,2092
전남,2004,간호조무사,인원수,1632
전남,2004,의료기사,인원수,921
전남,2004,의무기록사,인원수,38
전남,2004,약사,인원수,39
전남,2005,합계,인원수,6408
전남,2005,상근의사,인원수,971
전남,2005,비상근의사,인원수,1
전남,2005,치과의사,인원수,242
전남,2005,한의사,인원수,162
전남,2005,조산사,인원수,10
전남,2005,간호사,인원수,2207
전남,2005,간호조무사,인원수,1724
전남,2005,의료기사,인원수,1004
전남,2005,의무기록사,인원수,42
전남,2005,약사,인원수,45
전남,2006,합계,인원수,7259
전남,2006,상근의사,인원수,1128
전남,2006,비상근의사,인원수,1
전남,2006,치과의사,인원수,276
전남,2006,한의사,인원수,177
전남,2006,조산사,인원수,12
전남,2006,간호사,인원수,2500
전남,2006,간호조무사,인원수,1956
전남,2006,의료기사,인원수,1099
전남,2006,의무기록사,인원수,75
전남,2006,약사,인원수,35
전남,2007,합계,인원수,8640
전남,2007,상근의사,인원수,1168
전남,2007,비상근의사,인원수,2
전남,2007,치과의사,인원수,294
전남,2007,한의사,인원수,210
전남,2007,조산사,인원수,73
전남,2007,간호사,인원수,2824
전남,2007,간호조무사,인원수,2393
전남,2007,의료기사,인원수,1561
전남,2007,의무기록사,인원수,51
전남,2007,약사,인원수,64
경북,2001,합계,인원수,9938
경북,2001,상근의사,인원수,1708
경북,2001,비상근의사,인원수,5
경북,2001,치과의사,인원수,438
경북,2001,한의사,인원수,387
경북,2001,조산사,인원수,47
경북,2001,간호사,인원수,3223
경북,2001,간호조무사,인원수,2508
경북,2001,의료기사,인원수,1550
경북,2001,의무기록사,인원수,72
경북,2002,합계,인원수,10294
경북,2002,상근의사,인원수,1706
경북,2002,비상근의사,인원수,4
경북,2002,치과의사,인원수,408
경북,2002,한의사,인원수,379
경북,2002,조산사,인원수,75
경북,2002,간호사,인원수,3429
경북,2002,간호조무사,인원수,2743
경북,2002,의료기사,인원수,1475
경북,2002,의무기록사,인원수,75
경북,2003,합계,인원수,10730
경북,2003,상근의사,인원수,1869
경북,2003,비상근의사,인원수,63
경북,2003,치과의사,인원수,410
경북,2003,한의사,인원수,443
경북,2003,조산사,인원수,64
경북,2003,간호사,인원수,3530
경북,2003,간호조무사,인원수,2646
경북,2003,의료기사,인원수,1445
경북,2003,의무기록사,인원수,104
경북,2003,약사,인원수,156
경북,2004,합계,인원수,12580
경북,2004,상근의사,인원수,2085
경북,2004,비상근의사,인원수,19
경북,2004,치과의사,인원수,460
경북,2004,한의사,인원수,452
경북,2004,조산사,인원수,48
경북,2004,간호사,인원수,4019
경북,2004,간호조무사,인원수,3236
경북,2004,의료기사,인원수,2099
경북,2004,의무기록사,인원수,87
경북,2004,약사,인원수,75
경북,2005,합계,인원수,13422
경북,2005,상근의사,인원수,2198
경북,2005,비상근의사,인원수,21
경북,2005,치과의사,인원수,451
경북,2005,한의사,인원수,477
경북,2005,조산사,인원수,49
경북,2005,간호사,인원수,4285
경북,2005,간호조무사,인원수,3435
경북,2005,의료기사,인원수,2339
경북,2005,의무기록사,인원수,83
경북,2005,약사,인원수,84
경북,2006,합계,인원수,13874
경북,2006,상근의사,인원수,2267
경북,2006,비상근의사,인원수,36
경북,2006,치과의사,인원수,529
경북,2006,한의사,인원수,519
경북,2006,조산사,인원수,77
경북,2006,간호사,인원수,4285
경북,2006,간호조무사,인원수,3736
경북,2006,의료기사,인원수,2239
경북,2006,의무기록사,인원수,100
경북,2006,약사,인원수,86
경북,2007,합계,인원수,14201
경북,2007,상근의사,인원수,2131
경북,2007,비상근의사,인원수,11
경북,2007,치과의사,인원수,517
경북,2007,한의사,인원수,504
경북,2007,조산사,인원수,56
경북,2007,간호사,인원수,4421
경북,2007,간호조무사,인원수,3658
경북,2007,의료기사,인원수,2449
경북,2007,의무기록사,인원수,88
경북,2007,약사,인원수,366
경남,2001,합계,인원수,12515
경남,2001,상근의사,인원수,2280
경남,2001,비상근의사,인원수,30
경남,2001,치과의사,인원수,544
경남,2001,한의사,인원수,443
경남,2001,조산사,인원수,62
경남,2001,간호사,인원수,3550
경남,2001,간호조무사,인원수,3316
경남,2001,의료기사,인원수,2176
경남,2001,의무기록사,인원수,114
경남,2002,합계,인원수,13532
경남,2002,상근의사,인원수,2365
경남,2002,비상근의사,인원수,11
경남,2002,치과의사,인원수,566
경남,2002,한의사,인원수,434
경남,2002,조산사,인원수,47
경남,2002,간호사,인원수,3855
경남,2002,간호조무사,인원수,3765
경남,2002,의료기사,인원수,2378
경남,2002,의무기록사,인원수,111
경남,2003,합계,인원수,15341
경남,2003,상근의사,인원수,2601
경남,2003,비상근의사,인원수,15
경남,2003,치과의사,인원수,564
경남,2003,한의사,인원수,475
경남,2003,조산사,인원수,43
경남,2003,간호사,인원수,4659
경남,2003,간호조무사,인원수,3953
경남,2003,의료기사,인원수,2799
경남,2003,의무기록사,인원수,117
경남,2003,약사,인원수,115
경남,2004,합계,인원수,15502
경남,2004,상근의사,인원수,2534
경남,2004,비상근의사,인원수,15
경남,2004,치과의사,인원수,593
경남,2004,한의사,인원수,486
경남,2004,조산사,인원수,31
경남,2004,간호사,인원수,4833
경남,2004,간호조무사,인원수,4130
경남,2004,의료기사,인원수,2659
경남,2004,의무기록사,인원수,112
경남,2004,약사,인원수,109
경남,2005,합계,인원수,17348
경남,2005,상근의사,인원수,2890
경남,2005,비상근의사,인원수,14
경남,2005,치과의사,인원수,626
경남,2005,한의사,인원수,516
경남,2005,조산사,인원수,123
경남,2005,간호사,인원수,5189
경남,2005,간호조무사,인원수,4752
경남,2005,의료기사,인원수,2999
경남,2005,의무기록사,인원수,113
경남,2005,약사,인원수,126
경남,2006,합계,인원수,18287
경남,2006,상근의사,인원수,2920
경남,2006,비상근의사,인원수,11
경남,2006,치과의사,인원수,644
경남,2006,한의사,인원수,540
경남,2006,조산사,인원수,116
경남,2006,간호사,인원수,5576
경남,2006,간호조무사,인원수,5130
경남,2006,의료기사,인원수,3056
경남,2006,의무기록사,인원수,110
경남,2006,약사,인원수,184
경남,2007,합계,인원수,19710
경남,2007,상근의사,인원수,3151
경남,2007,비상근의사,인원수,4
경남,2007,치과의사,인원수,696
경남,2007,한의사,인원수,572
경남,2007,조산사,인원수,48
경남,2007,간호사,인원수,5350
경남,2007,간호조무사,인원수,5833
경남,2007,의료기사,인원수,3730
경남,2007,의무기록사,인원수,176
경남,2007,약사,인원수,150
제주,2001,합계,인원수,2356
제주,2001,상근의사,인원수,401
제주,2001,비상근의사,인원수,
제주,2001,치과의사,인원수,107
제주,2001,한의사,인원수,60
제주,2001,조산사,인원수,9
제주,2001,간호사,인원수,887
제주,2001,간호조무사,인원수,438
제주,2001,의료기사,인원수,434
제주,2001,의무기록사,인원수,20
제주,2002,합계,인원수,2719
제주,2002,상근의사,인원수,468
제주,2002,비상근의사,인원수,
제주,2002,치과의사,인원수,119
제주,2002,한의사,인원수,73
제주,2002,조산사,인원수,9
제주,2002,간호사,인원수,1033
제주,2002,간호조무사,인원수,481
제주,2002,의료기사,인원수,510
제주,2002,의무기록사,인원수,26
제주,2003,합계,인원수,2857
제주,2003,상근의사,인원수,472
제주,2003,비상근의사,인원수,
제주,2003,치과의사,인원수,124
제주,2003,한의사,인원수,76
제주,2003,조산사,인원수,9
제주,2003,간호사,인원수,1114
제주,2003,간호조무사,인원수,478
제주,2003,의료기사,인원수,551
제주,2003,의무기록사,인원수,22
제주,2003,약사,인원수,11
제주,2004,합계,인원수,2932
제주,2004,상근의사,인원수,519
제주,2004,비상근의사,인원수,
제주,2004,치과의사,인원수,127
제주,2004,한의사,인원수,79
제주,2004,조산사,인원수,2
제주,2004,간호사,인원수,1171
제주,2004,간호조무사,인원수,458
제주,2004,의료기사,인원수,540
제주,2004,의무기록사,인원수,22
제주,2004,약사,인원수,14
제주,2005,합계,인원수,3370
제주,2005,상근의사,인원수,567
제주,2005,비상근의사,인원수,
제주,2005,치과의사,인원수,134
제주,2005,한의사,인원수,87
제주,2005,조산사,인원수,3
제주,2005,간호사,인원수,1276
제주,2005,간호조무사,인원수,552
제주,2005,의료기사,인원수,667
제주,2005,의무기록사,인원수,22
제주,2005,약사,인원수,62
제주,2006,합계,인원수,3496
제주,2006,상근의사,인원수,573
제주,2006,비상근의사,인원수,
제주,2006,치과의사,인원수,142
제주,2006,한의사,인원수,100
제주,2006,조산사,인원수,8
제주,2006,간호사,인원수,1355
제주,2006,간호조무사,인원수,551
제주,2006,의료기사,인원수,719
제주,2006,의무기록사,인원수,28
제주,2006,약사,인원수,20
제주,2007,합계,인원수,3886
제주,2007,상근의사,인원수,645
제주,2007,비상근의사,인원수,
제주,2007,치과의사,인원수,162
제주,2007,한의사,인원수,121
제주,2007,조산사,인원수,6
제주,2007,간호사,인원수,1362
제주,2007,간호조무사,인원수,724
제주,2007,의료기사,인원수,827
제주,2007,의무기록사,인원수,24
제주,2007,약사,인원수,15
합계,2001,합계,인원수,11549
합계,2001,상근의사,인원수,1805
합계,2001,비상근의사,인원수,22
합계,2001,치과의사,인원수,528
합계,2001,한의사,인원수,437
합계,2001,조산사,인원수,16
합계,2001,간호사,인원수,2322
합계,2001,간호조무사,인원수,3922
합계,2001,의료기사,인원수,2361
합계,2001,의무기록사,인원수,136
합계,2002,합계,인원수,11763
합계,2002,상근의사,인원수,1856
합계,2002,비상근의사,인원수,25
합계,2002,치과의사,인원수,518
합계,2002,한의사,인원수,465
합계,2002,조산사,인원수,18
합계,2002,간호사,인원수,2372
합계,2002,간호조무사,인원수,4144
합계,2002,의료기사,인원수,2236
합계,2002,의무기록사,인원수,129
합계,2003,합계,인원수,12252
합계,2003,상근의사,인원수,1925
합계,2003,비상근의사,인원수,20
합계,2003,치과의사,인원수,488
합계,2003,한의사,인원수,443
합계,2003,조산사,인원수,12
합계,2003,간호사,인원수,2525
합계,2003,간호조무사,인원수,4040
합계,2003,의료기사,인원수,2354
합계,2003,의무기록사,인원수,131
합계,2003,약사,인원수,314
합계,2004,합계,인원수,13263
합계,2004,상근의사,인원수,2008
합계,2004,비상근의사,인원수,54
합계,2004,치과의사,인원수,505
합계,2004,한의사,인원수,457
합계,2004,조산사,인원수,16
합계,2004,간호사,인원수,2896
합계,2004,간호조무사,인원수,4339
합계,2004,의료기사,인원수,2570
합계,2004,의무기록사,인원수,118
합계,2004,약사,인원수,300
합계,2005,합계,인원수,13828
합계,2005,상근의사,인원수,2100
합계,2005,비상근의사,인원수,91
합계,2005,치과의사,인원수,521
합계,2005,한의사,인원수,475
합계,2005,조산사,인원수,9
합계,2005,간호사,인원수,2972
합계,2005,간호조무사,인원수,4597
합계,2005,의료기사,인원수,2649
합계,2005,의무기록사,인원수,142
합계,2005,약사,인원수,272
합계,2006,합계,인원수,17290
합계,2006,상근의사,인원수,2208
합계,2006,비상근의사,인원수,160
합계,2006,치과의사,인원수,544
합계,2006,한의사,인원수,504
합계,2006,조산사,인원수,10
합계,2006,간호사,인원수,4347
합계,2006,간호조무사,인원수,5538
합계,2006,의료기사,인원수,3381
합계,2006,의무기록사,인원수,183
합계,2006,약사,인원수,415
합계,2007,합계,인원수,15607
합계,2007,상근의사,인원수,2358
합계,2007,비상근의사,인원수,137
합계,2007,치과의사,인원수,542
합계,2007,한의사,인원수,497
합계,2007,조산사,인원수,3
합계,2007,간호사,인원수,3143
합계,2007,간호조무사,인원수,5426
합계,2007,의료기사,인원수,2946
합계,2007,의무기록사,인원수,173
합계,2007,약사,인원수,382
경기,2001,합계,인원수,1087
경기,2001,상근의사,인원수,170
경기,2001,비상근의사,인원수,3
경기,2001,치과의사,인원수,53
경기,2001,한의사,인원수,35
경기,2001,조산사,인원수,1
경기,2001,간호사,인원수,171
경기,2001,간호조무사,인원수,437
경기,2001,의료기사,인원수,208
경기,2001,의무기록사,인원수,9
경기,2002,합계,인원수,1234
경기,2002,상근의사,인원수,195
경기,2002,비상근의사,인원수,
경기,2002,치과의사,인원수,54
경기,2002,한의사,인원수,42
경기,2002,조산사,인원수,1
경기,2002,간호사,인원수,218
경기,2002,간호조무사,인원수,493
경기,2002,의료기사,인원수,222
경기,2002,의무기록사,인원수,9
경기,2003,합계,인원수,588
경기,2003,상근의사,인원수,89
경기,2003,비상근의사,인원수,
경기,2003,치과의사,인원수,30
경기,2003,한의사,인원수,25
경기,2003,조산사,인원수,
경기,2003,간호사,인원수,70
경기,2003,간호조무사,인원수,248
경기,2003,의료기사,인원수,119
경기,2003,의무기록사,인원수,3
경기,2003,약사,인원수,4
경기,2004,합계,인원수,702
경기,2004,상근의사,인원수,104
경기,2004,비상근의사,인원수,1
경기,2004,치과의사,인원수,29
경기,2004,한의사,인원수,27
경기,2004,조산사,인원수,
경기,2004,간호사,인원수,89
경기,2004,간호조무사,인원수,308
경기,2004,의료기사,인원수,139
경기,2004,의무기록사,인원수,1
경기,2004,약사,인원수,4
경기,2005,합계,인원수,722
경기,2005,상근의사,인원수,101
경기,2005,비상근의사,인원수,2
경기,2005,치과의사,인원수,31
경기,2005,한의사,인원수,31
경기,2005,조산사,인원수,
경기,2005,간호사,인원수,81
경기,2005,간호조무사,인원수,310
경기,2005,의료기사,인원수,141
경기,2005,의무기록사,인원수,2
경기,2005,약사,인원수,23
경기,2006,합계,인원수,688
경기,2006,상근의사,인원수,101
경기,2006,비상근의사,인원수,3
경기,2006,치과의사,인원수,32
경기,2006,한의사,인원수,33
경기,2006,조산사,인원수,
경기,2006,간호사,인원수,73
경기,2006,간호조무사,인원수,307
경기,2006,의료기사,인원수,134
경기,2006,의무기록사,인원수,2
경기,2006,약사,인원수,3
경기,2007,합계,인원수,935
경기,2007,상근의사,인원수,158
경기,2007,비상근의사,인원수,3
경기,2007,치과의사,인원수,38
경기,2007,한의사,인원수,37
경기,2007,조산사,인원수,
경기,2007,간호사,인원수,120
경기,2007,간호조무사,인원수,408
경기,2007,의료기사,인원수,144
경기,2007,의무기록사,인원수,1
경기,2007,약사,인원수,26
강원,2001,합계,인원수,1079
강원,2001,상근의사,인원수,177
강원,2001,비상근의사,인원수,4
강원,2001,치과의사,인원수,49
강원,2001,한의사,인원수,48
강원,2001,조산사,인원수,1
강원,2001,간호사,인원수,272
강원,2001,간호조무사,인원수,364
강원,2001,의료기사,인원수,154
강원,2001,의무기록사,인원수,10
강원,2002,합계,인원수,1145
강원,2002,상근의사,인원수,187
강원,2002,비상근의사,인원수,
강원,2002,치과의사,인원수,51
강원,2002,한의사,인원수,48
강원,2002,조산사,인원수,3
강원,2002,간호사,인원수,282
강원,2002,간호조무사,인원수,369
강원,2002,의료기사,인원수,192
강원,2002,의무기록사,인원수,13
강원,2003,합계,인원수,1147
강원,2003,상근의사,인원수,191
강원,2003,비상근의사,인원수,
강원,2003,치과의사,인원수,49
강원,2003,한의사,인원수,47
강원,2003,조산사,인원수,1
강원,2003,간호사,인원수,295
강원,2003,간호조무사,인원수,353
강원,2003,의료기사,인원수,194
강원,2003,의무기록사,인원수,10
강원,2003,약사,인원수,7
강원,2004,합계,인원수,1299
강원,2004,상근의사,인원수,206
강원,2004,비상근의사,인원수,
강원,2004,치과의사,인원수,59
강원,2004,한의사,인원수,49
강원,2004,조산사,인원수,5
강원,2004,간호사,인원수,318
강원,2004,간호조무사,인원수,411
강원,2004,의료기사,인원수,231
강원,2004,의무기록사,인원수,12
강원,2004,약사,인원수,8
강원,2005,합계,인원수,1212
강원,2005,상근의사,인원수,190
강원,2005,비상근의사,인원수,3
강원,2005,치과의사,인원수,58
강원,2005,한의사,인원수,52
강원,2005,조산사,인원수,3
강원,2005,간호사,인원수,278
강원,2005,간호조무사,인원수,401
강원,2005,의료기사,인원수,210
강원,2005,의무기록사,인원수,11
강원,2005,약사,인원수,6
강원,2006,합계,인원수,1203
강원,2006,상근의사,인원수,186
강원,2006,비상근의사,인원수,
강원,2006,치과의사,인원수,52
강원,2006,한의사,인원수,50
강원,2006,조산사,인원수,1
강원,2006,간호사,인원수,254
강원,2006,간호조무사,인원수,437
강원,2006,의료기사,인원수,201
강원,2006,의무기록사,인원수,8
강원,2006,약사,인원수,14
강원,2007,합계,인원수,1228
강원,2007,상근의사,인원수,163
강원,2007,비상근의사,인원수,
강원,2007,치과의사,인원수,55
강원,2007,한의사,인원수,46
강원,2007,조산사,인원수,1
강원,2007,간호사,인원수,266
강원,2007,간호조무사,인원수,432
강원,2007,의료기사,인원수,235
강원,2007,의무기록사,인원수,9
강원,2007,약사,인원수,21
충북,2001,합계,인원수,1151
충북,2001,상근의사,인원수,176
충북,2001,비상근의사,인원수,3
충북,2001,치과의사,인원수,48
충북,2001,한의사,인원수,43
충북,2001,조산사,인원수,1
충북,2001,간호사,인원수,204
충북,2001,간호조무사,인원수,409
충북,2001,의료기사,인원수,249
충북,2001,의무기록사,인원수,18
충북,2002,합계,인원수,1267
충북,2002,상근의사,인원수,208
충북,2002,비상근의사,인원수,
충북,2002,치과의사,인원수,46
충북,2002,한의사,인원수,46
충북,2002,조산사,인원수,2
충북,2002,간호사,인원수,209
충북,2002,간호조무사,인원수,478
충북,2002,의료기사,인원수,269
충북,2002,의무기록사,인원수,9
충북,2003,합계,인원수,1193
충북,2003,상근의사,인원수,194
충북,2003,비상근의사,인원수,9
충북,2003,치과의사,인원수,44
충북,2003,한의사,인원수,50
충북,2003,조산사,인원수,
충북,2003,간호사,인원수,173
충북,2003,간호조무사,인원수,453
충북,2003,의료기사,인원수,258
충북,2003,의무기록사,인원수,5
충북,2003,약사,인원수,7
충북,2004,합계,인원수,1324
충북,2004,상근의사,인원수,221
충북,2004,비상근의사,인원수,1
충북,2004,치과의사,인원수,44
충북,2004,한의사,인원수,53
충북,2004,조산사,인원수,
충북,2004,간호사,인원수,202
충북,2004,간호조무사,인원수,507
충북,2004,의료기사,인원수,280
충북,2004,의무기록사,인원수,9
충북,2004,약사,인원수,7
충북,2005,합계,인원수,1297
충북,2005,상근의사,인원수,201
충북,2005,비상근의사,인원수,3
충북,2005,치과의사,인원수,46
충북,2005,한의사,인원수,55
충북,2005,조산사,인원수,
충북,2005,간호사,인원수,198
충북,2005,간호조무사,인원수,505
충북,2005,의료기사,인원수,272
충북,2005,의무기록사,인원수,10
충북,2005,약사,인원수,7
충북,2006,합계,인원수,1458
충북,2006,상근의사,인원수,240
충북,2006,비상근의사,인원수,
충북,2006,치과의사,인원수,47
충북,2006,한의사,인원수,55
충북,2006,조산사,인원수,
충북,2006,간호사,인원수,224
충북,2006,간호조무사,인원수,573
충북,2006,의료기사,인원수,299
충북,2006,의무기록사,인원수,11
충북,2006,약사,인원수,9
충북,2007,합계,인원수,1604
충북,2007,상근의사,인원수,250
충북,2007,비상근의사,인원수,5
충북,2007,치과의사,인원수,59
충북,2007,한의사,인원수,65
충북,2007,조산사,인원수,
충북,2007,간호사,인원수,204
충북,2007,간호조무사,인원수,676
충북,2007,의료기사,인원수,323
충북,2007,의무기록사,인원수,14
충북,2007,약사,인원수,8
충남,2001,합계,인원수,2420
충남,2001,상근의사,인원수,367
충남,2001,비상근의사,인원수,
충남,2001,치과의사,인원수,114
충남,2001,한의사,인원수,85
충남,2001,조산사,인원수,6
충남,2001,간호사,인원수,362
충남,2001,간호조무사,인원수,883
충남,2001,의료기사,인원수,582
충남,2001,의무기록사,인원수,21
충남,2002,합계,인원수,2190
충남,2002,상근의사,인원수,312
충남,2002,비상근의사,인원수,
충남,2002,치과의사,인원수,103
충남,2002,한의사,인원수,97
충남,2002,조산사,인원수,3
충남,2002,간호사,인원수,358
충남,2002,간호조무사,인원수,846
충남,2002,의료기사,인원수,452
충남,2002,의무기록사,인원수,19
충남,2003,합계,인원수,2360
충남,2003,상근의사,인원수,349
충남,2003,비상근의사,인원수,6
충남,2003,치과의사,인원수,99
충남,2003,한의사,인원수,86
충남,2003,조산사,인원수,1
충남,2003,간호사,인원수,371
충남,2003,간호조무사,인원수,866
충남,2003,의료기사,인원수,431
충남,2003,의무기록사,인원수,14
충남,2003,약사,인원수,137
충남,2004,합계,인원수,2662
충남,2004,상근의사,인원수,350
충남,2004,비상근의사,인원수,6
충남,2004,치과의사,인원수,102
충남,2004,한의사,인원수,88
충남,2004,조산사,인원수,
충남,2004,간호사,인원수,402
충남,2004,간호조무사,인원수,982
충남,2004,의료기사,인원수,560
충남,2004,의무기록사,인원수,19
충남,2004,약사,인원수,153
충남,2005,합계,인원수,2673
충남,2005,상근의사,인원수,372
충남,2005,비상근의사,인원수,
충남,2005,치과의사,인원수,105
충남,2005,한의사,인원수,91
충남,2005,조산사,인원수,
충남,2005,간호사,인원수,393
충남,2005,간호조무사,인원수,989
충남,2005,의료기사,인원수,547
충남,2005,의무기록사,인원수,25
충남,2005,약사,인원수,151
충남,2006,합계,인원수,3286
충남,2006,상근의사,인원수,391
충남,2006,비상근의사,인원수,71
충남,2006,치과의사,인원수,136
충남,2006,한의사,인원수,112
충남,2006,조산사,인원수,3
충남,2006,간호사,인원수,539
충남,2006,간호조무사,인원수,1158
충남,2006,의료기사,인원수,625
충남,2006,의무기록사,인원수,37
충남,2006,약사,인원수,214
충남,2007,합계,인원수,3248
충남,2007,상근의사,인원수,448
충남,2007,비상근의사,인원수,34
충남,2007,치과의사,인원수,113
충남,2007,한의사,인원수,91
충남,2007,조산사,인원수,1
충남,2007,간호사,인원수,518
충남,2007,간호조무사,인원수,1150
충남,2007,의료기사,인원수,669
충남,2007,의무기록사,인원수,33
충남,2007,약사,인원수,191
전북,2001,합계,인원수,822
전북,2001,상근의사,인원수,140
전북,2001,비상근의사,인원수,3
전북,2001,치과의사,인원수,38
전북,2001,한의사,인원수,29
전북,2001,조산사,인원수,
전북,2001,간호사,인원수,110
전북,2001,간호조무사,인원수,304
전북,2001,의료기사,인원수,185
전북,2001,의무기록사,인원수,13
전북,2002,합계,인원수,755
전북,2002,상근의사,인원수,123
전북,2002,비상근의사,인원수,
전북,2002,치과의사,인원수,32
전북,2002,한의사,인원수,26
전북,2002,조산사,인원수,
전북,2002,간호사,인원수,99
전북,2002,간호조무사,인원수,307
전북,2002,의료기사,인원수,157
전북,2002,의무기록사,인원수,11
전북,2003,합계,인원수,908
전북,2003,상근의사,인원수,151
전북,2003,비상근의사,인원수,
전북,2003,치과의사,인원수,32
전북,2003,한의사,인원수,29
전북,2003,조산사,인원수,
전북,2003,간호사,인원수,152
전북,2003,간호조무사,인원수,317
전북,2003,의료기사,인원수,191
전북,2003,의무기록사,인원수,23
전북,2003,약사,인원수,13
전북,2004,합계,인원수,870
전북,2004,상근의사,인원수,153
전북,2004,비상근의사,인원수,
전북,2004,치과의사,인원수,35
전북,2004,한의사,인원수,29
전북,2004,조산사,인원수,
전북,2004,간호사,인원수,148
전북,2004,간호조무사,인원수,293
전북,2004,의료기사,인원수,192
전북,2004,의무기록사,인원수,12
전북,2004,약사,인원수,8
전북,2005,합계,인원수,942
전북,2005,상근의사,인원수,150
전북,2005,비상근의사,인원수,1
전북,2005,치과의사,인원수,38
전북,2005,한의사,인원수,29
전북,2005,조산사,인원수,
전북,2005,간호사,인원수,177
전북,2005,간호조무사,인원수,309
전북,2005,의료기사,인원수,212
전북,2005,의무기록사,인원수,19
전북,2005,약사,인원수,7
전북,2006,합계,인원수,1123
전북,2006,상근의사,인원수,157
전북,2006,비상근의사,인원수,
전북,2006,치과의사,인원수,38
전북,2006,한의사,인원수,36
전북,2006,조산사,인원수,
전북,2006,간호사,인원수,208
전북,2006,간호조무사,인원수,398
전북,2006,의료기사,인원수,247
전북,2006,의무기록사,인원수,31
전북,2006,약사,인원수,8
전북,2007,합계,인원수,1094
전북,2007,상근의사,인원수,174
전북,2007,비상근의사,인원수,
전북,2007,치과의사,인원수,42
전북,2007,한의사,인원수,44
전북,2007,조산사,인원수,1
전북,2007,간호사,인원수,125
전북,2007,간호조무사,인원수,392
전북,2007,의료기사,인원수,251
전북,2007,의무기록사,인원수,55
전북,2007,약사,인원수,10
전남,2001,합계,인원수,2669
전남,2001,상근의사,인원수,424
전남,2001,비상근의사,인원수,3
전남,2001,치과의사,인원수,104
전남,2001,한의사,인원수,69
전남,2001,조산사,인원수,4
전남,2001,간호사,인원수,784
전남,2001,간호조무사,인원수,737
전남,2001,의료기사,인원수,508
전남,2001,의무기록사,인원수,36
전남,2002,합계,인원수,2744
전남,2002,상근의사,인원수,427
전남,2002,비상근의사,인원수,23
전남,2002,치과의사,인원수,112
전남,2002,한의사,인원수,76
전남,2002,조산사,인원수,4
전남,2002,간호사,인원수,779
전남,2002,간호조무사,인원수,816
전남,2002,의료기사,인원수,468
전남,2002,의무기록사,인원수,39
전남,2003,합계,인원수,3384
전남,2003,상근의사,인원수,494
전남,2003,비상근의사,인원수,3
전남,2003,치과의사,인원수,116
전남,2003,한의사,인원수,78
전남,2003,조산사,인원수,5
전남,2003,간호사,인원수,992
전남,2003,간호조무사,인원수,939
전남,2003,의료기사,인원수,627
전남,2003,의무기록사,인원수,44
전남,2003,약사,인원수,86
전남,2004,합계,인원수,3669
전남,2004,상근의사,인원수,528
전남,2004,비상근의사,인원수,45
전남,2004,치과의사,인원수,117
전남,2004,한의사,인원수,78
전남,2004,조산사,인원수,8
전남,2004,간호사,인원수,1193
전남,2004,간호조무사,인원수,963
전남,2004,의료기사,인원수,621
전남,2004,의무기록사,인원수,37
전남,2004,약사,인원수,79
전남,2005,합계,인원수,4081
전남,2005,상근의사,인원수,632
전남,2005,비상근의사,인원수,81
전남,2005,치과의사,인원수,123
전남,2005,한의사,인원수,87
전남,2005,조산사,인원수,4
전남,2005,간호사,인원수,1291
전남,2005,간호조무사,인원수,1079
전남,2005,의료기사,인원수,691
전남,2005,의무기록사,인원수,47
전남,2005,약사,인원수,46
전남,2006,합계,인원수,4210
전남,2006,상근의사,인원수,662
전남,2006,비상근의사,인원수,84
전남,2006,치과의사,인원수,111
전남,2006,한의사,인원수,81
전남,2006,조산사,인원수,4
전남,2006,간호사,인원수,1316
전남,2006,간호조무사,인원수,1158
전남,2006,의료기사,인원수,694
전남,2006,의무기록사,인원수,47
전남,2006,약사,인원수,53
전남,2007,합계,인원수,4590
전남,2007,상근의사,인원수,714
전남,2007,비상근의사,인원수,93
전남,2007,치과의사,인원수,121
전남,2007,한의사,인원수,85
전남,2007,조산사,인원수,
전남,2007,간호사,인원수,1414
전남,2007,간호조무사,인원수,1265
전남,2007,의료기사,인원수,753
전남,2007,의무기록사,인원수,47
전남,2007,약사,인원수,98
경북,2001,합계,인원수,952
경북,2001,상근의사,인원수,143
경북,2001,비상근의사,인원수,6
경북,2001,치과의사,인원수,50
경북,2001,한의사,인원수,61
경북,2001,조산사,인원수,1
경북,2001,간호사,인원수,182
경북,2001,간호조무사,인원수,299
경북,2001,의료기사,인원수,192
경북,2001,의무기록사,인원수,18
경북,2002,합계,인원수,1071
경북,2002,상근의사,인원수,168
경북,2002,비상근의사,인원수,2
경북,2002,치과의사,인원수,53
경북,2002,한의사,인원수,62
경북,2002,조산사,인원수,2
경북,2002,간호사,인원수,216
경북,2002,간호조무사,인원수,350
경북,2002,의료기사,인원수,199
경북,2002,의무기록사,인원수,19
경북,2003,합계,인원수,1164
경북,2003,상근의사,인원수,201
경북,2003,비상근의사,인원수,2
경북,2003,치과의사,인원수,56
경북,2003,한의사,인원수,63
경북,2003,조산사,인원수,3
경북,2003,간호사,인원수,205
경북,2003,간호조무사,인원수,351
경북,2003,의료기사,인원수,220
경북,2003,의무기록사,인원수,21
경북,2003,약사,인원수,42
경북,2004,합계,인원수,1201
경북,2004,상근의사,인원수,200
경북,2004,비상근의사,인원수,1
경북,2004,치과의사,인원수,55
경북,2004,한의사,인원수,64
경북,2004,조산사,인원수,1
경북,2004,간호사,인원수,273
경북,2004,간호조무사,인원수,332
경북,2004,의료기사,인원수,236
경북,2004,의무기록사,인원수,17
경북,2004,약사,인원수,22
경북,2005,합계,인원수,1294
경북,2005,상근의사,인원수,200
경북,2005,비상근의사,인원수,1
경북,2005,치과의사,인원수,54
경북,2005,한의사,인원수,56
경북,2005,조산사,인원수,1
경북,2005,간호사,인원수,261
경북,2005,간호조무사,인원수,424
경북,2005,의료기사,인원수,273
경북,2005,의무기록사,인원수,14
경북,2005,약사,인원수,10
경북,2006,합계,인원수,1524
경북,2006,상근의사,인원수,219
경북,2006,비상근의사,인원수,
경북,2006,치과의사,인원수,60
경북,2006,한의사,인원수,60
경북,2006,조산사,인원수,
경북,2006,간호사,인원수,287
경북,2006,간호조무사,인원수,518
경북,2006,의료기사,인원수,302
경북,2006,의무기록사,인원수,12
경북,2006,약사,인원수,66
경북,2007,합계,인원수,1530
경북,2007,상근의사,인원수,223
경북,2007,비상근의사,인원수,
경북,2007,치과의사,인원수,61
경북,2007,한의사,인원수,66
경북,2007,조산사,인원수,
경북,2007,간호사,인원수,291
경북,2007,간호조무사,인원수,574
경북,2007,의료기사,인원수,296
경북,2007,의무기록사,인원수,6
경북,2007,약사,인원수,13
경남,2001,합계,인원수,1113
경남,2001,상근의사,인원수,170
경남,2001,비상근의사,인원수,
경남,2001,치과의사,인원수,56
경남,2001,한의사,인원수,58
경남,2001,조산사,인원수,2
경남,2001,간호사,인원수,196
경남,2001,간호조무사,인원수,414
경남,2001,의료기사,인원수,206
경남,2001,의무기록사,인원수,11
경남,2002,합계,인원수,1106
경남,2002,상근의사,인원수,194
경남,2002,비상근의사,인원수,
경남,2002,치과의사,인원수,52
경남,2002,한의사,인원수,58
경남,2002,조산사,인원수,3
경남,2002,간호사,인원수,177
경남,2002,간호조무사,인원수,402
경남,2002,의료기사,인원수,210
경남,2002,의무기록사,인원수,10
경남,2003,합계,인원수,1243
경남,2003,상근의사,인원수,213
경남,2003,비상근의사,인원수,
경남,2003,치과의사,인원수,48
경남,2003,한의사,인원수,50
경남,2003,조산사,인원수,2
경남,2003,간호사,인원수,228
경남,2003,간호조무사,인원수,430
경남,2003,의료기사,인원수,243
경남,2003,의무기록사,인원수,11
경남,2003,약사,인원수,18
경남,2004,합계,인원수,1236
경남,2004,상근의사,인원수,194
경남,2004,비상근의사,인원수,
경남,2004,치과의사,인원수,50
경남,2004,한의사,인원수,53
경남,2004,조산사,인원수,2
경남,2004,간호사,인원수,215
경남,2004,간호조무사,인원수,461
경남,2004,의료기사,인원수,231
경남,2004,의무기록사,인원수,11
경남,2004,약사,인원수,19
경남,2005,합계,인원수,1315
경남,2005,상근의사,인원수,210
경남,2005,비상근의사,인원수,
경남,2005,치과의사,인원수,50
경남,2005,한의사,인원수,56
경남,2005,조산사,인원수,1
경남,2005,간호사,인원수,258
경남,2005,간호조무사,인원수,477
경남,2005,의료기사,인원수,227
경남,2005,의무기록사,인원수,14
경남,2005,약사,인원수,22
경남,2006,합계,인원수,1285
경남,2006,상근의사,인원수,203
경남,2006,비상근의사,인원수,2
경남,2006,치과의사,인원수,51
경남,2006,한의사,인원수,57
경남,2006,조산사,인원수,2
경남,2006,간호사,인원수,228
경남,2006,간호조무사,인원수,491
경남,2006,의료기사,인원수,218
경남,2006,의무기록사,인원수,10
경남,2006,약사,인원수,23
경남,2007,합계,인원수,1378
경남,2007,상근의사,인원수,228
경남,2007,비상근의사,인원수,2
경남,2007,치과의사,인원수,53
경남,2007,한의사,인원수,63
경남,2007,조산사,인원수,
경남,2007,간호사,인원수,205
경남,2007,간호조무사,인원수,529
경남,2007,의료기사,인원수,275
경남,2007,의무기록사,인원수,8
경남,2007,약사,인원수,15
제주,2001,합계,인원수,256
제주,2001,상근의사,인원수,38
제주,2001,비상근의사,인원수,
제주,2001,치과의사,인원수,16
제주,2001,한의사,인원수,9
제주,2001,조산사,인원수,
제주,2001,간호사,인원수,41
제주,2001,간호조무사,인원수,75
제주,2001,의료기사,인원수,77
제주,2001,의무기록사,인원수,
제주,2002,합계,인원수,251
제주,2002,상근의사,인원수,42
제주,2002,비상근의사,인원수,
제주,2002,치과의사,인원수,15
제주,2002,한의사,인원수,10
제주,2002,조산사,인원수,
제주,2002,간호사,인원수,34
제주,2002,간호조무사,인원수,83
제주,2002,의료기사,인원수,67
제주,2002,의무기록사,인원수,
제주,2003,합계,인원수,265
제주,2003,상근의사,인원수,43
제주,2003,비상근의사,인원수,
제주,2003,치과의사,인원수,14
제주,2003,한의사,인원수,15
제주,2003,조산사,인원수,
제주,2003,간호사,인원수,39
제주,2003,간호조무사,인원수,83
제주,2003,의료기사,인원수,71
제주,2003,의무기록사,인원수,
제주,2003,약사,인원수,
제주,2004,합계,인원수,300
제주,2004,상근의사,인원수,52
제주,2004,비상근의사,인원수,
제주,2004,치과의사,인원수,14
제주,2004,한의사,인원수,16
제주,2004,조산사,인원수,
제주,2004,간호사,인원수,56
제주,2004,간호조무사,인원수,82
제주,2004,의료기사,인원수,80
제주,2004,의무기록사,인원수,
제주,2004,약사,인원수,
제주,2005,합계,인원수,292
제주,2005,상근의사,인원수,44
제주,2005,비상근의사,인원수,
제주,2005,치과의사,인원수,16
제주,2005,한의사,인원수,18
제주,2005,조산사,인원수,
제주,2005,간호사,인원수,35
제주,2005,간호조무사,인원수,103
제주,2005,의료기사,인원수,76
제주,2005,의무기록사,인원수,
제주,2005,약사,인원수,
제주,2006,합계,인원수,2513
제주,2006,상근의사,인원수,49
제주,2006,비상근의사,인원수,
제주,2006,치과의사,인원수,17
제주,2006,한의사,인원수,20
제주,2006,조산사,인원수,
제주,2006,간호사,인원수,1218
제주,2006,간호조무사,인원수,498
제주,2006,의료기사,인원수,661
제주,2006,의무기록사,인원수,25
제주,2006,약사,인원수,25
